Id,Departamento,Descripción,Id_Capital,Total_Municipios,Superficie_km2,Población,Prefijo_Telefónico,Id_Región,Id_país,Nombre_Capital,Descripción_Capital
3,Arauca,"Arauca es uno de los treinta y dos departamentos que, junto con Bogotá, Distrito Capital, forman la República de Colombia. Su capital es la homónima Arauca. Está ubicado al este del país, en la región Orinoquía, limitando al norte y este con Venezuela, al sur con Vichada y Casanare, y al oeste con Boyacá",143,7,23818,304978,7,3,1,Arauca,"Arauca, cuyo nombre colonial es Villa de Santa Bárbara de Arauca, es un municipio colombiano, capital del departamento de Arauca. Está localizado sobre el margen sur del río Arauca. Limita con Venezuela al norte, con la cual está conectada mediante el Puente Internacional José Antonio Páez y se comunica por vía terrestre hacia el centro de Colombia mediante la Ruta de los Libertadores"
4,Atlántico,"El Atlántico es uno de los treinta y dos departamentos que, junto a Bogotá, Distrito Capital, forman la República de Colombia. Su capital es Barranquilla. Ubicado en la región Caribe, limita al norte con el mar Caribe, al Oriente con el río Magdalena y al Sur y al Occidente con el departamento de Bolívar. Con unos 2 500 000 habitantes en 2015, es el cuarto departamento más poblado (por detrás de Antioquia, Valle del Cauca y Cundinamarca); con 3019 km² es el tercero menos extenso (por delante de Quindío y San Andrés y Providencia, el menos extenso) y con 815 hab/km² es el segundo más densamente poblado (por detrás de San Andrés y Providencia)",144,23,3388,2804025,5,1,1,Barranquilla,"El Área metropolitana de Barranquilla es una conurbación colombiana ubicada en el norte del departamento de Atlántico. Su municipio principal es la capital departamental Barranquilla, y los otros municipios periféricos que la integran son Soledad, Galapa, Puerto Colombia y Malambo. Es la primera conurbación de la Región Caribe, la más densamente poblada y la cuarta del país."
7,Boyacá,"Boyacá es uno de los treinta y dos departamentos que, junto con Bogotá, Distrito Capital, forman la República de Colombia. Su capital es Tunja. Está ubicado en el centro-este del país, en la región andina, limitando al norte con Santander y Norte de Santander, al noreste con Venezuela y Arauca, al este con Casanare,8​9​ al sur con Cundinamarca y al occidente el río Magdalena con los departamentos de Caldas y Antioquia.",217,123,23189,1259601,8,5,1,Tunja,"Tunja es un municipio colombiano, capital del departamento de Boyacá, situado sobre la cordillera oriental de los Andes a 115 km al noreste de Bogotá. Es la ciudad capital más alta del país. Tunja fue construida sobre Hunza, la capital de la confederación Muisca el 6 de agosto de 1539. Con su título de villa otorgado por la corona española"
8,Caldas,"Caldas es uno de los treinta y dos departamentos que, junto con Bogotá, Distrito Capital, forman la República de Colombia. Su capital es Manizales. Está ubicado en el centro del país, en la región andina, limitando al norte con Antioquia, al noreste con Boyacá, al este con Cundinamarca, al sur con Tolima y Risaralda y al oeste con Risaralda. Con 7888 km² es el quinto departamento menos extenso —por delante de Risaralda, Atlántico, Quindío y San Andrés y Providencia, el menos extenso— y con 125 hab/km², el sexto más densamente poblado, por detrás de San Andrés y Providencia, Atlántico, Quindío, Risaralda y Valle del Cauca",337,27,7888,1036455,6,5,1,Manizales,"Manizales es un municipio colombiano, capital del departamento de Caldas. Está ubicado en el centro occidente de Colombia en la región paisa, así como en el eje cafetero, sobre la Cordillera Central de los Andes, cerca del Nevado del Ruiz. Tiene una población de 454,077 habitantes (2022). Es la región más poblada y competitiva del departamento con un aporte del 68% de su PIB total."
11,Cauca,"Cauca es uno de los treinta y dos departamentos que, junto al Distrito Capital de Bogotá, conforman la República de Colombia. Su capital y ciudad más poblada es Popayán. Está ubicado al suroccidente del país entre las regiones andina y pacífica, limitando al norte con Valle del Cauca y Tolima, al oriente con Huila, al suroriente con Caquetá, al sur con Putumayo y Nariño, y al noroccidente con el océano Pacífico",399,41,29308,1516018,2,2,1,Popayán,"Popayán, oficialmente Asunción de Popayán es un municipio colombiano, capital del departamento del Cauca. Se encuentra localizado en el Valle de Pubenza, entre la Cordillera Occidental y Central al suroccidente del país. Su extensión territorial es de 512 km², su altitud media es de 1760 m sobre el nivel del mar, su precipitación media anual de 1941 mm, su temperatura promedio de 14/19 °C y distancia aproximada de 600 km a Bogotá, capital de Colombia."
13,Chocó,"Chocó es uno de los treinta y dos departamentos que, junto con Bogotá, Distrito Capital, forman la República de Colombia. Su capital es Quibdó. Está ubicado al noroeste del país, en las regiones andina y Pacífico, limitando al norte con la República de Panamá y el mar Caribe (océano Atlántico), al este con Antioquia y Risaralda, al sur con Valle del Cauca y al oeste con el océano Pacífico.",467,31,46530,553519,4,2,1,Quibdó,"Quibdó es un municipio colombiano, capital del departamento del Chocó y una de las poblaciones más importantes en la Región del Pacífico Colombiano. La ciudad está ubicada en una de las regiones más biodiversas de Colombia, cerca de grandes reservas ecológicas como el parque nacional natural Emberá. También es una de las regiones con mayor número de reservas indígenas. "
16,Guainía,"Guainía (idioma yurí: ""Tierra de muchas aguas"") es uno de los treinta y dos departamentos que, junto con Bogotá, Distrito Capital, forman la República de Colombia. Su capital es Inírida. Está ubicado al este del país, en la región Amazonia, limitando al norte con Vichada, al este con el Estado de Amazonas de Venezuela, al sur con el brasileño del mismo nombre, al suroeste con Vaupés y al oeste con Guaviare. Con 72 238 km² es el quinto departamento más extenso —por detrás de Amazonas, Vichada, Caquetá y Meta—, con unos 50 000 habitantes en 2020, el segundo menos poblado, y con 0,56 hab/km², el menos densamente poblado. Antiguamente era una comisaría, pero desde 1991 es oficialmente un departamento",644,2,72238,52061,8,4,1,Inírida,"Inírida (antes llamado Puerto Inírida) es un municipio de Colombia, capital del departamento del Guainía y su ciudad más poblada. La temperatura promedio es de 25 "
17,Guaviare,"Guaviare es uno de los treinta y dos departamentos que, junto con Bogotá, Distrito Capital, forman la República de Colombia. Su capital es San José del Guaviare. Está ubicado en la región Amazonia, limitando al norte con Meta, al noreste con Vichada, al oeste con Guainía y al sur con Vaupés y Caquetá. Con 77,276 hab. según estimaciones del DANE,5​ es el quinto departamento menos poblado —por delante de Amazonas, San Andrés y Providencia, Guainía y Vaupés— y con 2,04 hab/km², el quinto menos densamente poblado, por delante de Vaupés, Amazonas, Vichada y Guainía, el menos densamente poblado",654,4,53460,90357,8,4,1,San José del Guaviare,"San José del Guaviare es un municipio colombiano, capital del departamento de Guaviare. Comenzó a formarse en 1960, vinculado a las actividades colonizadoras de la región selvática y como núcleo de apoyo a las mismas. En 1976 recibió el estatus de municipio y su crecimiento demográfico, desde entonces, se ha proyectado rápidamente."
18,Huila,"Huila es uno de los treinta y dos departamentos que junto con Bogotá, Distrito Capital, conforman la República de Colombia. Su capital y ciudad más poblada es Neiva. Está ubicado al suroeste del país, en la región andina, limitando al norte con Tolima y Cundinamarca, al este con Meta, al sur con Caquetá y al oeste con Cauca.",657,37,19890,1140932,8,5,1,Neiva,"Neiva es un municipio colombiano, capital del departamento de Huila. Yace entre la cordillera Central y Oriental, en una planicie sobre la margen oriental del río Magdalena, en el valle del mismo nombre, cruzada por el río Las Ceibas y el río del Oro. Su extensión territorial de 1533 km², su altura de 442 metros sobre el nivel del mar y su temperatura promedio de 27.7 "
1,Amazonas,"Amazonas es uno de los treinta y dos departamentos que, junto con Bogotá, Distrito Capital, forman la República de Colombia. Su capital es Leticia. Está ubicado en el extremo sur del país, en gran parte al sur de la línea ecuatorial, en la región Amazonia. Limita al norte con Caquetá y Vaupés, al este con el estado brasileño del mismo nombre, al sur con el departamento peruano de Loreto y al oeste con Putumayo. Con 110 000 km² es el departamento más extenso de Colombia, con unos 75 000 habitantes en 2015, el cuarto menos poblado —por delante de Vichada, Vaupés y Guainía, el menos poblado— y con 0.68 hab/km², el tercero menos densamente poblado, por delante de Vichada y Guainía, el menos densamente poblado.",1,2,109665,82068,8,4,1,Leticia,"Leticia es un municipio fronterizo colombiano, es la capital del departamento del Amazonas. Se encuentra localizado en el extremo sur del país sobre las márgenes del río Amazonas, al sur del área no municipalizada de Tarapacá y al oriente del municipio de Puerto Nariño. Su extensión territorial es de 5968 km², su altura de 82 metros sobre el nivel del mar"
22,Nariño,"Nariño es uno de los treinta y dos departamentos que, junto con Bogotá, Distrito Capital, forman la República de Colombia. Su capital es San Juan de Pasto. Está ubicado en el extremo suroeste del país, en las regiones andina y pacífica, limitando al norte con Cauca, al este con Putumayo, al sur con las provincias de Esmeraldas, Carchi y Sucumbíos de la República de Ecuador y al oeste con el océano Pacífico. Fue fundado en 1904 con la unión de lo que eran las provincias de Pasto y Obando.",769,64,33268,1629181,2,2,1,Pasto,"Pasto es un municipio colombiano, capital del departamento de Nariño, cuya cabecera municipal ostenta el nombre de San Juan de Pasto. Se ubica en el suroccidente de la nación, en la región Andina."
25,Quindío,"Quindío, también llamado El Quindío, es uno de los treinta y dos departamentos que, junto con Bogotá, Distrito Capital, forman la República de Colombia. Su capital es Armenia. Está ubicado en el centro-oeste del país, en la región andina, limitando al norte con Risaralda, al este con Tolima y al oeste con Valle del Cauca. Con 1845 km² es el segundo departamento menos extenso —por delante de San Andrés y Providencia— y con 306 hab/km², el tercero más densamente poblado, por detrás de San Andrés y Providencia y Atlántico. Pertenece al eje cafetero y a la región paisa",885,12,1845,569569,6,5,1,La Esperanza,
23,Norte de Santander,"Norte de Santander es uno de los treinta y dos departamentos que, junto con Bogotá, Distrito Capital, forman la República de Colombia. Su capital es la ciudad de Cúcuta. Es una entidad territorial que goza de autonomía para la administración de los asuntos seccionales y la planificación y promoción del desarrollo económico y social dentro de su territorio, tiene una extensión de 22.648 km², que equivalen al 1.91% del territorio nacional, ubicado en la región nororiental de Colombia. Limita al norte y al este con los estados de Zulia y Táchira de Venezuela, al sur con los departamentos de Boyacá y Santander, y al oeste con Santander y Cesar.",870,40,21658,1651278,7,5,1,Cúcuta,"Cúcuta, oficialmente San José de Cúcuta, es un municipio colombiano, capital del departamento de Norte de Santander y núcleo del Área Metropolitana de Cúcuta. La ciudad está situada en el valle homónimo, al pie de la Cordillera Oriental de los Andes Colombianos, próxima a la frontera con Venezuela. Comprende una superficie aproximada de 1117 km², con un área urbana de 64 km² (dividida en 10 comunas) y un área rural de 1053 km² (dividida en 10 corregimientos)"
24,Putumayo,"Putumayo (Quechua: Putumayu) es uno de los treinta y dos departamentos que, junto con Bogotá, Distrito Capital, forman la República de Colombia. Su capital es Mocoa y su ciudad más poblada es Puerto Asís. Está ubicado al suroeste del país, en la región Amazónica, limitando al norte con Cauca y Caquetá, al este con Amazonas, al sur con Perú y Ecuador, y al oeste con Nariño. La mayoría de sus municipios hace parte de los territorios focalizados",872,13,24885,369064,8,4,1,Mocoa,"Mocoa es un municipio colombiano y capital del departamento de Putumayo, cuya cabecera municipal ostenta el nombre de San Miguel de Agreda de Mocoa. Se sitúa en el suroccidente de Colombia, siendo el segundo municipio de mayor población en el departamento."
26,Risaralda,"Risaralda es uno de los treinta y dos departamentos que, junto con Bogotá, Distrito Capital, forman la República de Colombia. Su capital y ciudad más poblada es Pereira. Está ubicado en el centro-oeste del país, en la región andina, limitando al norte con Antioquia, al este con Caldas y Tolima, al sur con Quindío y Valle del Cauca, y al oeste con Chocó. Con 4140 km² es el cuarto departamento menos extenso",897,14,4140,977829,6,5,1,Pereira,"Pereira es un municipio colombiano, capital del departamento de Risaralda. Es la ciudad más poblada de la región del eje cafetero; integra el Área Metropolitana de Centro Occidente junto con los municipios de Dosquebradas y La Virginia. Está ubicada en la región centro-occidente del país, en el valle del río Otún en la Cordillera Central de los Andes colombianos."
27,San Andrés y Providencia,"El archipiélago de San Andrés, Providencia y Santa Catalina (en inglés y criollo sanandresano: Archipelago of San Andrés, Providencia and Santa Catalina) es uno de los treinta y dos departamentos que, junto con Bogotá, Distrito Capital, forman la República de Colombia. Su capital es San Andrés. Está ubicado al oeste del mar Caribe (océano Atlántico) en Centroamérica, a 775 km (480 millas náuticas) al noroeste de la costa atlántica del territorio continental del país, y a 220 km (140 millas náuticas) de las costas orientales de Nicaragua",912,2,44,65228,8,6,1,San Andrés,"San Andrés, conocido localmente como North End o Sector del Centro es el centro administrativo, turístico y comercial del departamento colombiano de San Andrés, Providencia y Santa Catalina."
29,Sucre,"Sucre es uno de los treinta y dos departamentos que, junto con Bogotá, Distrito Capital, forman la República de Colombia. Su capital es Sincelejo. Está ubicado al norte del país, en la región Caribe, limitando al norte con el mar Caribe (océano Atlántico), al este con Bolívar y al oeste con Córdoba. Con 10 670 km² es el sexto departamento menos extenso",1000,26,10917,972350,5,1,1,Sincelejo,"Sincelejo es un municipio colombiano, capital del departamento de Sucre. Se encuentra ubicado al noroeste del país, en el Caribe Colombiano exactamente en la subregión Sabanas."
30,Tolima,"Tolima es uno de los treinta y dos departamentos que, junto con Bogotá, Distrito Capital, forman la República de Colombia. Su capital es Ibagué. Está ubicado en el centro-oeste del país, en la región andina, limitando al norte con Caldas, al este con Cundinamarca, al sur con Huila y Cauca; y al oeste con Valle del Cauca, Quindío y Risaralda.6​ El río Magdalena atraviesa Tolima de sur a norte.",1069,47,23562,1346935,8,5,1,Ibagué,"Ibagué es un municipio colombiano ubicado en el centro-occidente de Colombia, sobre la Cordillera Central de los Andes entre el Cañón del Combeima y el Valle del Magdalena, en cercanías del Nevado del Tolima. Es la capital del departamento de Tolima. Se encuentra a una altitud promedio de 1285"
32,Vaupés,"Vaupés es uno de los treinta y dos departamentos que, junto con Bogotá, Distrito Capital, forman la República de Colombia. Su capital es Mitú. Está ubicado al sureste del país, en la región Amazonía, limitando al norte con el Guaviare y Guainía, al este con Brasil, al sur con Amazonas y al oeste con el Caquetá. Con unos 43 000 habitantes en 2015 es el segundo departamento menos poblado",1115,3,54135,48932,8,4,1,Mitú,"Mitú es la capital del departamento del Vaupés, ubicado en la parte suroriental de Colombia y sobre la frontera con Brasil. El municipio se localiza predominantemente sobre la margen derecha del río Vaupés. Con cerca de 16.422 km², según el censo del DANE, y con una población aproximada de 16.580 habitantes, en donde predominan 27 etnias indígenas diferentes"
33,Vichada,"Vichada es uno de los treinta y dos departamentos que, junto con Bogotá, Distrito Capital, forman la República de Colombia. Su capital es Puerto Carreño. Está ubicado al este del país, en las regiones Orinoquía y Amazonia, limitando al norte con Casanare y Arauca, al norte y este con Venezuela, al sur con Guainía, al suroeste con Guaviare y al oeste con Meta.",1121,4,100242,115778,8,3,1,Puerto Carreño,"Puerto Carreño es un municipio colombiano, capital del departamento de Vichada. Su población es de 15.753 habitantes, su área de 12.409 km² y está sobre la frontera con Venezuela, colindando al norte del río Meta con Puerto Páez. Fue fundada en 1922, sobre la confluencia de los ríos Orinoco y Meta;"
2,Antioquia,"Antioquia es uno de los treinta y dos departamentos que, junto con Bogotá, Distrito Capital, forman la República de Colombia. Su capital es Medellín, la segunda ciudad más poblada del país. Está ubicado al noroccidente colombiano, en las regiones Andina y Caribe, limitando al norte con el mar Caribe (océano Atlántico), Córdoba y Bolívar, al este con Santander y Boyacá, al sur con Caldas y Risaralda, y al oeste con Chocó. Con unos 6 500 000 habitantes en 2015 es el departamento más poblado, y con 63 600 km², el sexto más extenso, superado por Amazonas, Vichada, Caquetá, Meta y Guainía.",12,125,63612,6887306,4,5,1,Medellín,"Medellín es un distrito colombiano, capital del departamento de Antioquia. Es la ciudad más poblada del departamento y la segunda más poblada del país después de Bogotá. Está ubicada en la parte más ancha de la región natural conocida como Valle de Aburrá, en la cordillera central de los Andes. Está extendida por ambas orillas del río Medellín, que la atraviesa de sur a norte, y es el municipio principal del Área metropolitana del Valle de Aburrá."
5,Bogotá,"Bogotá, oficialmente Bogotá, Distrito Capital​ (antiguamente, Santafé de Bogotá),​ es la capital de la República de Colombia y del departamento de Cundinamarca. Está administrada como distrito capital, y goza de autonomía para la gestión de sus intereses dentro de los límites de la Constitución y la ley.12​18​ A diferencia de los demás distritos de Colombia, Bogotá es una entidad territorial de primer orden, con las atribuciones administrativas que la ley confiere a los departamentos",167,1,1139,8906342,1,5,1,Bogotá D.C.,"Bogotá, oficialmente Bogotá, Distrito Capital (antiguamente, Santafé de Bogotá y originalmente, Santafé), es la capital de la República de Colombia y del departamento de Cundinamarca. Está administrada como distrito capital, y goza de autonomía para la gestión de sus intereses dentro de los límites de la Constitución y la ley. A diferencia de los demás distritos de Colombia, Bogotá es una entidad territorial de primer orden, con las atribuciones administrativas que la ley confiere a los departamentos"
15,Cundinamarca,"Cundinamarca es uno de los 32 departamentos que, junto con Bogotá, Distrito Capital, forman la República de Colombia. Su capital es Bogotá, la capital del país. Está ubicado en el centro del país, en la región andina, limitando al norte Boyacá, al este y al sur con Meta, al sur con Huila y al oeste con Tolima y Caldas. Enclavado en su territorio se encuentra el Distrito Capital de Bogotá, al que rodea excepto por su límite suroriental.",167,116,23071,2473634,1,5,1,Bogotá D.C.,"Bogotá, oficialmente Bogotá, Distrito Capital (antiguamente, Santafé de Bogotá y originalmente, Santafé), es la capital de la República de Colombia y del departamento de Cundinamarca. Está administrada como distrito capital, y goza de autonomía para la gestión de sus intereses dentro de los límites de la Constitución y la ley. A diferencia de los demás distritos de Colombia, Bogotá es una entidad territorial de primer orden, con las atribuciones administrativas que la ley confiere a los departamentos"
6,Bolívar,"Bolívar es uno de los treinta y dos departamentos que, junto con Bogotá, Distrito Capital, forman la República de Colombia. Su capital es Cartagena de Indias, sede de la asamblea departamental, mientras que en Turbaco se encuentra la sede de la gobernación. Está ubicado en la región Caribe, limitando al norte con el mar Caribe (océano Atlántico), al noreste con Atlántico, al este con Magdalena y Cesar, al sureste con Santander, al suroeste con Antioquia y al oeste con Córdoba y Sucre.",210,45,25978,2236603,5,1,1,Cartagena,"Cartagena de Indias, oficialmente Distrito Turístico y Cultural de Cartagena de Indias (abreviado Cartagena de Indias, D. T. y C.), es la capital del departamento de Bolívar, al norte de Colombia. Fue fundada el 1 de junio de 1533 por Pedro de Heredia. Desde 1991 Cartagena es un Distrito Turístico y Cultural. La ciudad está ubicada a orillas del mar Caribe"
9,Caquetá,"Caquetá es uno de los treinta y dos departamentos que, junto con Bogotá, Distrito Capital, forman la República de Colombia. Su capital es Florencia. Está ubicado al sur del país, en la región Amazonia, limitando al norte con Meta y Guaviare, al noreste con Vaupés, al sur con Amazonas y Putumayo, y al oeste con Cauca y Huila. Con 88 965 km² es el tercer departamento más extenso —por detrás de Amazonas y Vichada—. Todos sus municipios forman parte de los territorios focalizados",364,16,88965,419275,8,4,1,Florencia,"Florencia es un municipio colombiano, capital del departamento de Caquetá. Es el municipio más poblado de la región amazónica por su número de habitantes. Es conocido como «La Puerta de Oro de la Amazonía Colombiana»"
10,Casanare,"Casanare es uno de los treinta y dos departamentos que, junto con Bogotá, Distrito Capital, forman la República de Colombia. Su capital es Yopal. Está ubicado en la región Orinoquía, limitando al norte con Arauca, al este con Vichada, al sur con Meta y al oeste con Boyacá. Con 44 490 km² es el décimo departamento más extenso —por detrás de Amazonas, Vichada",380,19,44640,442068,8,3,1,Yopal,"Yopal es un municipio colombiano, capital del departamento de Casanare. Su extensión territorial es de 2595 kilómetros cuadrados, y se sitúa a 317 kilómetros del distrito capital de Bogotá. Fundada por colonos boyacenses en 1915, es una de las capitales departamentales más jóvenes de Colombia y una de las ciudades que registra más rápido crecimiento poblacional a nivel nacional, en especial después de la separación de Casanare del departamento de Boyacá"
12,Cesar,"Cesar es uno de los treinta y dos departamentos que, junto con Bogotá, Distrito Capital, forman la República de Colombia. Su capital es Valledupar. Está ubicado al noreste del país, en las regiones Andina y Caribe, limitando al norte con La Guajira, al este con el Estado Zulia de Venezuela, al sureste con Norte de Santander, al sur con Santander, al suroeste con Bolívar y al oeste con Magdalena.",441,25,22905,1341697,4,1,1,Valledupar,"Valledupar, también llamada Ciudad de los Santos Reyes del Valle de Upar, es un municipio colombiano, capital del departamento del Cesar. Es la cabecera del municipio homónimo, el cual tiene una extensión de 149 km², 559.462 habitantes y junto a su área metropolitana reúne 691.266 habitantes; está conformado por 25 corregimientos y 102 veredas."
14,Córdoba,"Córdoba es uno de los 32 departamentos que, junto con Bogotá, Distrito Capital, forman la República de Colombia. Su capital es Montería. Está ubicado al norte del país, en la región Caribe, limitando al norte con el mar Caribe (océano Atlántico), al este con los departamentos de Sucre y Bolívar, y al sur y oeste con el departamento de Antioquia. Con 1 710 000 habitantes en 2015, es el octavo departamento más poblado, por detrás de Bogotá, Antioquia, Valle del Cauca, Cundinamarca, Atlántico, Santander y Bolívar. Fue creado por medio de la Ley 9 del 18 de diciembre de 1951, reglamentada el 18 de junio de 1952.",498,30,25020,1856496,4,1,1,Montería,"Montería es un municipio colombiano, capital del departamento de Córdoba. Está ubicado al noroccidente del país en la región Caribe Colombiana, se encuentra a orillas del río Sinú, por lo que es conocida como la ""Perla del Sinú"". Es considerada la capital ganadera de Colombia; anualmente celebra la feria de la Ganadería durante el mes de junio. Es además, un importante centro comercial y universitario, reconocida como una de las ciudades colombianas con mayor crecimiento y desarrollo en los últimos años y por impulsar el desarrollo sostenible"
19,La Guajira,"La Guajira (en wayuunaiki: Wajiira o Karibyczonn) es uno de los treinta y dos departamentos que, junto con Bogotá, Distrito Capital, forman la República de Colombia. La traducción más precisa de su nombre sería «Caribe hermoso» y en wayunaiki antiguo Karive Pala «Mar Caribe» también puede significar Mar del Caribe. Su capital es Riohacha. Está ubicado en el extremo noreste del país, en la región Caribe, limitando al norte y este con el mar Caribe (océano Atlántico), al sureste con el estado Venezolano del Zulia, al sur con el departamento del Cesar y al oeste con el del Magdalena.",694,15,20848,1002394,5,1,1,Riohacha,"Riohacha, oficialmente Distrito Especial, Turístico y Cultural de Riohacha, (en wayuunaiki: Süchiimma que traduce a ""Tierra del Río"") es un distrito colombiano, capital del departamento de La Guajira. Se ubica en la costa del mar Caribe, en el delta del río Ranchería. Es el segundo municipio con mayor extensión territorial en su departamento y principal por constituir un vasto engranaje de entidades públicas, bancos y entidades financieras"
20,Magdalena,"Magdalena es uno de los treinta y dos departamentos que, junto con Bogotá, Distrito Capital, forman la República de Colombia. Su capital es Santa Marta. Está ubicado al noreste del país, en la región Caribe. Limita al norte con el mar Caribe, al este con La Guajira, al sureste con Cesar, al sur y oeste con Bolívar y al oeste con Atlántico. Fue uno de los originales nueve estados que conformaron los Estados Unidos de Colombia. El departamento toma el nombre del río Magdalena. Entre sus municipios se encuentra Aracataca, el lugar de nacimiento del premio Nobel de literatura Gabriel García Márquez.",709,30,23188,1463427,5,1,1,Santa Marta,"Santa Marta, oficialmente Distrito Turístico, Cultural e Histórico de Santa Marta, es la capital del departamento de Magdalena, Colombia. Fue fundada el 29 de julio de 1525 por el español Rodrigo de Bastidas, lo que según los textos, la hace la ciudad en pie más antigua de Colombia. Se encuentra a orillas de la bahía del mismo nombre."
21,Meta,"Meta es uno de los treinta y dos departamentos que, junto con Bogotá, Distrito Capital, forman la República de Colombia. Su capital es Villavicencio. Está ubicado en el centro del país, en la región Orinoquía, limitando al norte con Bogotá, Distrito Capital, Cundinamarca y Casanare, al este con Vichada, al sur con Guaviare y Caquetá, y al oeste con Huila. Con 85 635 km² es el cuarto departamento más extenso —por detrás de Amazonas, Vichada y Caquetá",740,29,85635,1080706,8,3,1,Villavicencio,"Villavicencio es un municipio colombiano, capital del departamento del Meta y el centro comercial más importante de los Llanos Orientales. Está ubicada en el piedemonte de la Cordillera Oriental, al noroccidente del departamento del Meta, en la margen derecha del río Guatiquía."
28,Santander,"Santander es uno de los treinta y dos departamentos que, junto con Bogotá, Distrito Capital, forman la República de Colombia. Su capital es Bucaramanga. Está ubicado al noreste del país, en la región andina, limitando al norte con Cesar y Norte de Santander, al este y sur con Boyacá, al oeste con Antioquia y al noroeste con Bolívar.7​ Con unos 2 280 908 habitantes en 2018 es el sexto departamento por población. Recibe su nombre en alusión a Francisco de Paula Santander, prócer de la independencia de la Nueva Granada",915,87,30537,2324090,7,5,1,Bucaramanga,"Bucaramanga es un municipio colombiano, capital del departamento de Santander. En 2015 un informe del Banco Mundial la situó como una de las urbes más competitivas y con mejor calidad de vida en América Latina. Está ubicada al nororiente del país sobre la Cordillera Oriental, rama de la cordillera de los Andes, a orillas del río de Oro."
31,Valle del Cauca,"Valle del Cauca es uno de los treinta y dos departamentos que, junto con Bogotá, Distrito Capital, forman la República de Colombia. Su capital es Cali. Está ubicado en las regiones Andina y del Pacífico, limitando al norte con Chocó y Risaralda, al este con Quindío y Tolima, al sur con Cauca y al oeste con el océano Pacífico. Con 4 600 000 habitantes en 2015 es el segundo departamento más poblado",1093,42,22140,4589278,2,2,1,Cali,"Cali, oficialmente Distrito Especial, Deportivo, Cultural, Turístico, Empresarial y de Servicios de Santiago de Cali, es un distrito colombiano, capital del departamento de Valle del Cauca, la tercera ciudad más poblada y el tercer centro económico y cultural de Colombia. Está situada en la región Sur del Valle del Cauca."
